response time:defaultUsageScenario;ContinuousProcessingRateDegreeImpl:Server1:CPU;ContinuousProcessingRateDegreeImpl:Server1:HDD;ContinuousProcessingRateDegreeImpl:Server2:CPU;ContinuousProcessingRateDegreeImpl:Server2:HDD;ContinuousProcessingRateDegreeImpl:Server3:CPU;ContinuousProcessingRateDegreeImpl:Server3:HDD;ContinuousProcessingRateDegreeImpl:DBServer:CPU;ContinuousProcessingRateDegreeImpl:DBServer:HDD;AllocationDegreeImpl:Allocation_Assembly_C1 <C1> <C1>;AllocationDegreeImpl:Allocation_Assembly_C2 <C2> <C2>;AllocationDegreeImpl:Allocation_Assembly_C3 <C3> <C3>;AllocationDegreeImpl:Allocation_Assembly_DB;AllocationDegreeImpl:Allocation_Assembly_Exporter;CapacityDegreeImpl:semaphore;Util of Server1 CPU;Util of Server1 HDD;Util of Server2 CPU;Util of Server2 HDD;Util of Server3 CPU;Util of Server3 HDD;Util of DBServer CPU;Util of DBServer HDD;Util of aName LAN;Candidate ID;
35.025800000000004;5.428037123087695;1209.2965986865856;5.609768366579407;649.6985868635753;5.087652696790262;529.9786639810279;9.744318792836339;662371.3817660598;Server2 (ID: _h3wXgC6MEd-Jla2o7wkBzQ);DBServer (ID: _7jiyMV5LEeavvL8WcdoZSg);Server3 (ID: _vxqJwS6QEd-pNfzbJsur0g);DBServer (ID: _7jiyMV5LEeavvL8WcdoZSg);Server1 (ID: _g7HJEC6MEd-Jla2o7wkBzQ);1;0.386051;0.00138626;0.352956;0.0;0.338584;0.0;0.723714;0.777222;0.04488;3073;
Infinity;3.1220810348346126;615.6399606190759;4.85910943422796;1618.1639629477856;2.8064895698647705;1319.592837696393;3.201337494077674;1083341.1235797713;Server3 (ID: _vxqJwS6QEd-pNfzbJsur0g);DBServer (ID: _7jiyMV5LEeavvL8WcdoZSg);Server2 (ID: _h3wXgC6MEd-Jla2o7wkBzQ);Server2 (ID: _h3wXgC6MEd-Jla2o7wkBzQ);Server1 (ID: _g7HJEC6MEd-Jla2o7wkBzQ);1;3107;
Infinity;5.347593512975193;747.5283209042981;3.8955438556197217;876.2411702661564;3.5809100435717505;1451.8510847663752;9.206372688191907;921327.4606131815;Server2 (ID: _h3wXgC6MEd-Jla2o7wkBzQ);Server1 (ID: _g7HJEC6MEd-Jla2o7wkBzQ);Server3 (ID: _vxqJwS6QEd-pNfzbJsur0g);DBServer (ID: _7jiyMV5LEeavvL8WcdoZSg);Server3 (ID: _vxqJwS6QEd-pNfzbJsur0g);1;3112;
35.3448;8.1576050693711;940.5044111931807;2.9219251745202124;1798.912682294411;3.683865408015839;1132.9848418653808;5.980169967907817;1957242.4096561356;Server3 (ID: _vxqJwS6QEd-pNfzbJsur0g);Server1 (ID: _g7HJEC6MEd-Jla2o7wkBzQ);Server2 (ID: _h3wXgC6MEd-Jla2o7wkBzQ);DBServer (ID: _7jiyMV5LEeavvL8WcdoZSg);Server1 (ID: _g7HJEC6MEd-Jla2o7wkBzQ);1;0.499595;0.00178245;0.589543;0.0;0.537479;0.0;0.848153;0.263028;0.04488;3136;
35.3448;6.110522124048883;1679.5403399333832;5.102459337479909;989.6947628920207;4.906887218263573;1072.6507093690998;5.410478387861827;1239617.0156112174;Server3 (ID: _vxqJwS6QEd-pNfzbJsur0g);Server2 (ID: _h3wXgC6MEd-Jla2o7wkBzQ);DBServer (ID: _7jiyMV5LEeavvL8WcdoZSg);Server3 (ID: _vxqJwS6QEd-pNfzbJsur0g);DBServer (ID: _7jiyMV5LEeavvL8WcdoZSg);1;0.499595;0.00178245;0.589543;0.0;0.537479;0.0;0.848153;0.263028;0.04488;3137;
Infinity;3.816119609776714;1763.6572284462025;1.7696229546869597;795.4488515531314;2.1809481190674687;1845.9921086655002;8.196600152045606;1014821.7914122305;Server1 (ID: _g7HJEC6MEd-Jla2o7wkBzQ);Server1 (ID: _g7HJEC6MEd-Jla2o7wkBzQ);Server2 (ID: _h3wXgC6MEd-Jla2o7wkBzQ);Server3 (ID: _vxqJwS6QEd-pNfzbJsur0g);DBServer (ID: _7jiyMV5LEeavvL8WcdoZSg);1;3153;
Infinity;3.0254453895599047;1722.4673477115302;2.810410241348956;626.6503554349576;5.981071866415705;517.8107366404314;4.818893361350897;1716255.4782342992;Server2 (ID: _h3wXgC6MEd-Jla2o7wkBzQ);Server2 (ID: _h3wXgC6MEd-Jla2o7wkBzQ);Server1 (ID: _g7HJEC6MEd-Jla2o7wkBzQ);DBServer (ID: _7jiyMV5LEeavvL8WcdoZSg);Server3 (ID: _vxqJwS6QEd-pNfzbJsur0g);1;3212;
75.4235;5.1991896311613255;1480.6664966097987;3.1244538953254173;1693.889759821535;1.8898186620258448;1490.765206982849;7.656437491490758;946945.4988247824;DBServer (ID: _7jiyMV5LEeavvL8WcdoZSg);Server2 (ID: _h3wXgC6MEd-Jla2o7wkBzQ);Server3 (ID: _vxqJwS6QEd-pNfzbJsur0g);DBServer (ID: _7jiyMV5LEeavvL8WcdoZSg);Server1 (ID: _g7HJEC6MEd-Jla2o7wkBzQ);1;0.403044;0.00113219;0.633711;0.0;0.911516;0.0;0.921068;0.543653;0.03003;3223;
75.4235;5.652174840180603;1063.7909524079896;2.922323668633833;820.4818734748505;3.9682899407419687;1741.1180085691724;7.470847005736541;1125840.030837737;Server1 (ID: _g7HJEC6MEd-Jla2o7wkBzQ);Server1 (ID: _g7HJEC6MEd-Jla2o7wkBzQ);Server2 (ID: _h3wXgC6MEd-Jla2o7wkBzQ);Server1 (ID: _g7HJEC6MEd-Jla2o7wkBzQ);Server2 (ID: _h3wXgC6MEd-Jla2o7wkBzQ);1;0.403044;0.00113219;0.633711;0.0;0.911516;0.0;0.921068;0.543653;0.03003;3224;
75.4235;8.624823277664678;1017.6162416851378;4.61652217494192;1436.9955347888304;2.6750026854372564;777.137844977856;7.722326571211335;885659.0942786545;Server2 (ID: _h3wXgC6MEd-Jla2o7wkBzQ);DBServer (ID: _7jiyMV5LEeavvL8WcdoZSg);DBServer (ID: _7jiyMV5LEeavvL8WcdoZSg);Server3 (ID: _vxqJwS6QEd-pNfzbJsur0g);Server3 (ID: _vxqJwS6QEd-pNfzbJsur0g);1;0.403044;0.00113219;0.633711;0.0;0.911516;0.0;0.921068;0.543653;0.03003;3225;
75.4235;6.834458119807047;1402.0458215181916;2.2665151008610422;1493.0802150216537;3.275511400246022;1089.0697566396705;3.8658725177662476;959869.7457885223;Server3 (ID: _vxqJwS6QEd-pNfzbJsur0g);Server2 (ID: _h3wXgC6MEd-Jla2o7wkBzQ);Server2 (ID: _h3wXgC6MEd-Jla2o7wkBzQ);Server1 (ID: _g7HJEC6MEd-Jla2o7wkBzQ);Server3 (ID: _vxqJwS6QEd-pNfzbJsur0g);1;0.403044;0.00113219;0.633711;0.0;0.911516;0.0;0.921068;0.543653;0.03003;3226;
75.4235;2.538320351647233;897.3226855178641;5.293719546692024;542.1982171452556;5.672355610053259;555.7228037713533;2.818694932032324;1154717.2338158684;DBServer (ID: _7jiyMV5LEeavvL8WcdoZSg);DBServer (ID: _7jiyMV5LEeavvL8WcdoZSg);DBServer (ID: _7jiyMV5LEeavvL8WcdoZSg);Server1 (ID: _g7HJEC6MEd-Jla2o7wkBzQ);Server1 (ID: _g7HJEC6MEd-Jla2o7wkBzQ);1;0.403044;0.00113219;0.633711;0.0;0.911516;0.0;0.921068;0.543653;0.03003;3227;
75.4235;5.4187432852829005;1940.797066880441;5.174933931634548;618.4734146520414;3.361946230200199;1367.411473856987;3.342748428440661;1221095.3017496732;Server3 (ID: _vxqJwS6QEd-pNfzbJsur0g);Server3 (ID: _vxqJwS6QEd-pNfzbJsur0g);Server3 (ID: _vxqJwS6QEd-pNfzbJsur0g);Server2 (ID: _h3wXgC6MEd-Jla2o7wkBzQ);DBServer (ID: _7jiyMV5LEeavvL8WcdoZSg);1;0.403044;0.00113219;0.633711;0.0;0.911516;0.0;0.921068;0.543653;0.03003;3228;
75.4235;4.480682108248574;660.6362120953934;5.042922270106978;1195.1990894878936;4.359314233966657;1904.3463110587286;8.267275406354827;549700.6339250789;DBServer (ID: _7jiyMV5LEeavvL8WcdoZSg);DBServer (ID: _7jiyMV5LEeavvL8WcdoZSg);Server3 (ID: _vxqJwS6QEd-pNfzbJsur0g);Server3 (ID: _vxqJwS6QEd-pNfzbJsur0g);Server2 (ID: _h3wXgC6MEd-Jla2o7wkBzQ);1;0.403044;0.00113219;0.633711;0.0;0.911516;0.0;0.921068;0.543653;0.03003;3229;
75.4235;3.936300960389661;520.39419602476;3.3591538053344676;1204.9357988211032;5.807993291627007;1830.3916227065902;6.040649347207496;1407892.5266754958;Server2 (ID: _h3wXgC6MEd-Jla2o7wkBzQ);DBServer (ID: _7jiyMV5LEeavvL8WcdoZSg);Server1 (ID: _g7HJEC6MEd-Jla2o7wkBzQ);Server3 (ID: _vxqJwS6QEd-pNfzbJsur0g);DBServer (ID: _7jiyMV5LEeavvL8WcdoZSg);1;0.403044;0.00113219;0.633711;0.0;0.911516;0.0;0.921068;0.543653;0.03003;3230;
75.4235;2.4254631758437166;1978.4827252034213;4.346713849457984;1503.4816843914332;3.5349537273188223;1084.1481160817202;6.9376436139641555;1423678.5963183423;Server1 (ID: _g7HJEC6MEd-Jla2o7wkBzQ);Server1 (ID: _g7HJEC6MEd-Jla2o7wkBzQ);Server1 (ID: _g7HJEC6MEd-Jla2o7wkBzQ);Server3 (ID: _vxqJwS6QEd-pNfzbJsur0g);Server2 (ID: _h3wXgC6MEd-Jla2o7wkBzQ);1;0.403044;0.00113219;0.633711;0.0;0.911516;0.0;0.921068;0.543653;0.03003;3231;
75.4235;7.366547213605562;539.6470305436825;4.613812235378279;1661.7943831931207;3.0289024298886424;1199.5792729547015;4.984568212010121;1808446.2269827568;Server2 (ID: _h3wXgC6MEd-Jla2o7wkBzQ);Server3 (ID: _vxqJwS6QEd-pNfzbJsur0g);Server3 (ID: _vxqJwS6QEd-pNfzbJsur0g);Server1 (ID: _g7HJEC6MEd-Jla2o7wkBzQ);Server1 (ID: _g7HJEC6MEd-Jla2o7wkBzQ);1;0.403044;0.00113219;0.633711;0.0;0.911516;0.0;0.921068;0.543653;0.03003;3232;
Infinity;5.763197844778095;779.7042736159873;2.490526144826118;1452.3582443928065;1.8467688038076469;779.5858077999713;6.836940190734199;614917.063538948;Server3 (ID: _vxqJwS6QEd-pNfzbJsur0g);DBServer (ID: _7jiyMV5LEeavvL8WcdoZSg);DBServer (ID: _7jiyMV5LEeavvL8WcdoZSg);Server3 (ID: _vxqJwS6QEd-pNfzbJsur0g);DBServer (ID: _7jiyMV5LEeavvL8WcdoZSg);1;3237;
181.6874;7.8475530498670825;1148.4416912779657;4.583307303098926;814.8926182712851;2.3843080330405995;748.1061921212151;7.502040986753472;1837172.9788459388;Server1 (ID: _g7HJEC6MEd-Jla2o7wkBzQ);DBServer (ID: _7jiyMV5LEeavvL8WcdoZSg);Server2 (ID: _h3wXgC6MEd-Jla2o7wkBzQ);DBServer (ID: _7jiyMV5LEeavvL8WcdoZSg);Server3 (ID: _vxqJwS6QEd-pNfzbJsur0g);1;0.252308;0.0;0.375842;0.0;0.878871;0.00224086;0.940024;0.280218;0.04488;3242;
Infinity;2.373329046113996;1668.9844944179295;4.702573147688694;1798.4629467787909;5.520338717471844;560.2991286141412;6.275835446126489;1206081.8854299667;Server1 (ID: _g7HJEC6MEd-Jla2o7wkBzQ);DBServer (ID: _7jiyMV5LEeavvL8WcdoZSg);Server1 (ID: _g7HJEC6MEd-Jla2o7wkBzQ);DBServer (ID: _7jiyMV5LEeavvL8WcdoZSg);DBServer (ID: _7jiyMV5LEeavvL8WcdoZSg);1;3255;
Infinity;6.604272398553085;1767.251955603792;5.115835903774377;820.0117951776926;4.150052848686659;1360.3588604787697;6.355271785013557;665782.5480255828;Server3 (ID: _vxqJwS6QEd-pNfzbJsur0g);DBServer (ID: _7jiyMV5LEeavvL8WcdoZSg);Server2 (ID: _h3wXgC6MEd-Jla2o7wkBzQ);DBServer (ID: _7jiyMV5LEeavvL8WcdoZSg);Server2 (ID: _h3wXgC6MEd-Jla2o7wkBzQ);1;3372;
23.24692;7.98908559301305;1783.1229071779544;4.26761384471845;1151.7973077670508;4.527967103433981;752.0803429734777;8.722665344369513;1700636.5483111811;Server3 (ID: _vxqJwS6QEd-pNfzbJsur0g);Server2 (ID: _h3wXgC6MEd-Jla2o7wkBzQ);Server3 (ID: _vxqJwS6QEd-pNfzbJsur0g);DBServer (ID: _7jiyMV5LEeavvL8WcdoZSg);Server1 (ID: _g7HJEC6MEd-Jla2o7wkBzQ);1;0.262295;9.40148E-4;0.46396;0.0;0.817718;0.0;0.581485;0.302716;0.04191;3381;
23.24692;5.645352088321449;1260.7719610185354;3.2642797026986794;1469.1843277733697;2.471657362594716;1020.1124831085335;7.300644565041713;1715197.880060038;Server2 (ID: _h3wXgC6MEd-Jla2o7wkBzQ);Server2 (ID: _h3wXgC6MEd-Jla2o7wkBzQ);DBServer (ID: _7jiyMV5LEeavvL8WcdoZSg);Server2 (ID: _h3wXgC6MEd-Jla2o7wkBzQ);Server3 (ID: _vxqJwS6QEd-pNfzbJsur0g);1;0.262295;9.40148E-4;0.46396;0.0;0.817718;0.0;0.581485;0.302716;0.04191;3382;
23.24692;7.001408156838438;1857.303438066621;1.6193111726862255;565.7033432922824;4.176995404342626;1099.7509819715558;9.963578319668319;1080560.7320497683;Server1 (ID: _g7HJEC6MEd-Jla2o7wkBzQ);Server1 (ID: _g7HJEC6MEd-Jla2o7wkBzQ);Server3 (ID: _vxqJwS6QEd-pNfzbJsur0g);Server2 (ID: _h3wXgC6MEd-Jla2o7wkBzQ);DBServer (ID: _7jiyMV5LEeavvL8WcdoZSg);1;0.262295;9.40148E-4;0.46396;0.0;0.817718;0.0;0.581485;0.302716;0.04191;3383;
23.24692;4.371762188420593;1868.6995682212075;4.453588550499935;1214.3873449505354;2.323740540710263;620.785620392474;3.2634691611492155;602262.3136275212;Server1 (ID: _g7HJEC6MEd-Jla2o7wkBzQ);DBServer (ID: _7jiyMV5LEeavvL8WcdoZSg);Server3 (ID: _vxqJwS6QEd-pNfzbJsur0g);DBServer (ID: _7jiyMV5LEeavvL8WcdoZSg);Server1 (ID: _g7HJEC6MEd-Jla2o7wkBzQ);1;0.262295;9.40148E-4;0.46396;0.0;0.817718;0.0;0.581485;0.302716;0.04191;3384;
23.24692;6.782206637059315;1821.3641549533334;2.0087426099291985;1332.7581138837518;2.7599216712516395;1451.3835421674085;6.9469304422686085;846064.2137830044;DBServer (ID: _7jiyMV5LEeavvL8WcdoZSg);Server3 (ID: _vxqJwS6QEd-pNfzbJsur0g);DBServer (ID: _7jiyMV5LEeavvL8WcdoZSg);DBServer (ID: _7jiyMV5LEeavvL8WcdoZSg);Server2 (ID: _h3wXgC6MEd-Jla2o7wkBzQ);1;0.262295;9.40148E-4;0.46396;0.0;0.817718;0.0;0.581485;0.302716;0.04191;3385;
23.24692;4.127436467053522;1945.0792549631146;4.015643807286274;1868.5793992469332;2.227449656370343;1372.7539058165498;8.654522096746195;1020129.9796009422;DBServer (ID: _7jiyMV5LEeavvL8WcdoZSg);DBServer (ID: _7jiyMV5LEeavvL8WcdoZSg);Server2 (ID: _h3wXgC6MEd-Jla2o7wkBzQ);Server2 (ID: _h3wXgC6MEd-Jla2o7wkBzQ);Server2 (ID: _h3wXgC6MEd-Jla2o7wkBzQ);1;0.262295;9.40148E-4;0.46396;0.0;0.817718;0.0;0.581485;0.302716;0.04191;3386;
23.24692;6.834837295033388;795.2890399772369;1.981434593479857;718.7923798429106;1.8028436175858908;1561.9415772327839;3.157348577440648;1400419.0179385648;Server3 (ID: _vxqJwS6QEd-pNfzbJsur0g);Server3 (ID: _vxqJwS6QEd-pNfzbJsur0g);Server1 (ID: _g7HJEC6MEd-Jla2o7wkBzQ);Server3 (ID: _vxqJwS6QEd-pNfzbJsur0g);Server3 (ID: _vxqJwS6QEd-pNfzbJsur0g);1;0.262295;9.40148E-4;0.46396;0.0;0.817718;0.0;0.581485;0.302716;0.04191;3387;
83.34;8.11449966109497;897.735731944957;4.336441461363315;689.969429220289;5.303329432987243;1253.6695498550698;7.96676470588966;1740494.3489580841;Server2 (ID: _h3wXgC6MEd-Jla2o7wkBzQ);Server3 (ID: _vxqJwS6QEd-pNfzbJsur0g);Server2 (ID: _h3wXgC6MEd-Jla2o7wkBzQ);DBServer (ID: _7jiyMV5LEeavvL8WcdoZSg);DBServer (ID: _7jiyMV5LEeavvL8WcdoZSg);1;0.0;0.0;0.853834;0.0;0.37335;0.0;0.899688;0.295785;0.04026;3398;
Infinity;7.4535269269662745;1844.5098836124782;5.212539815704767;1264.1897917597703;2.3966113790646837;918.6869645848462;5.9950065248426885;1184321.524286049;Server2 (ID: _h3wXgC6MEd-Jla2o7wkBzQ);Server1 (ID: _g7HJEC6MEd-Jla2o7wkBzQ);Server3 (ID: _vxqJwS6QEd-pNfzbJsur0g);Server3 (ID: _vxqJwS6QEd-pNfzbJsur0g);Server2 (ID: _h3wXgC6MEd-Jla2o7wkBzQ);1;3406;
53.1993;8.11449966109497;897.735731944957;4.336441461363315;689.969429220289;5.303329432987243;1253.6695498550698;7.96676470588966;1740494.3489580841;Server2 (ID: _h3wXgC6MEd-Jla2o7wkBzQ);Server3 (ID: _vxqJwS6QEd-pNfzbJsur0g);Server2 (ID: _h3wXgC6MEd-Jla2o7wkBzQ);DBServer (ID: _7jiyMV5LEeavvL8WcdoZSg);Server3 (ID: _vxqJwS6QEd-pNfzbJsur0g);1;0.0;0.0;0.853834;0.0;0.76848;0.00133719;0.636657;0.295784;0.04191;3482;
90.32159999999999;7.907360904809542;845.383622746593;5.492777007327196;1877.4846984457845;3.9167118133207266;567.2181508012754;5.82869991851743;1044173.2439975329;Server2 (ID: _h3wXgC6MEd-Jla2o7wkBzQ);Server3 (ID: _vxqJwS6QEd-pNfzbJsur0g);Server3 (ID: _vxqJwS6QEd-pNfzbJsur0g);DBServer (ID: _7jiyMV5LEeavvL8WcdoZSg);Server2 (ID: _h3wXgC6MEd-Jla2o7wkBzQ);1;0.0;0.0;0.741974;8.92897E-4;0.945334;0.0;0.870194;0.493031;0.03135;3507;
90.32159999999999;6.22082360992533;1225.3515147237122;4.848806501068239;1897.0157026936593;3.4635502758007943;838.3339079319858;5.281257896802544;609237.3718389237;Server1 (ID: _g7HJEC6MEd-Jla2o7wkBzQ);DBServer (ID: _7jiyMV5LEeavvL8WcdoZSg);Server3 (ID: _vxqJwS6QEd-pNfzbJsur0g);DBServer (ID: _7jiyMV5LEeavvL8WcdoZSg);DBServer (ID: _7jiyMV5LEeavvL8WcdoZSg);1;0.0;0.0;0.741974;8.92897E-4;0.945334;0.0;0.870194;0.493031;0.03135;3508;
90.32159999999999;7.360850666902283;1200.5835944845742;1.7773812857005362;1847.7937098090438;4.9404009336652415;1275.5916366239016;5.101502387682743;1307759.493059917;Server1 (ID: _g7HJEC6MEd-Jla2o7wkBzQ);DBServer (ID: _7jiyMV5LEeavvL8WcdoZSg);Server2 (ID: _h3wXgC6MEd-Jla2o7wkBzQ);Server2 (ID: _h3wXgC6MEd-Jla2o7wkBzQ);Server3 (ID: _vxqJwS6QEd-pNfzbJsur0g);1;0.0;0.0;0.741974;8.92897E-4;0.945334;0.0;0.870194;0.493031;0.03135;3509;
90.32159999999999;7.959728320079275;1004.3123340683003;3.4730126125311434;1133.2348082165875;2.947609135915185;1458.442043920991;8.607186843002196;921891.998002087;DBServer (ID: _7jiyMV5LEeavvL8WcdoZSg);Server3 (ID: _vxqJwS6QEd-pNfzbJsur0g);Server1 (ID: _g7HJEC6MEd-Jla2o7wkBzQ);DBServer (ID: _7jiyMV5LEeavvL8WcdoZSg);DBServer (ID: _7jiyMV5LEeavvL8WcdoZSg);1;0.0;0.0;0.741974;8.92897E-4;0.945334;0.0;0.870194;0.493031;0.03135;3510;
90.32159999999999;4.824334101140007;958.9774871035045;2.3042407250633685;1936.1898847191462;2.8948523433323707;1084.162081694711;7.136577707056165;1996217.4455814285;DBServer (ID: _7jiyMV5LEeavvL8WcdoZSg);DBServer (ID: _7jiyMV5LEeavvL8WcdoZSg);DBServer (ID: _7jiyMV5LEeavvL8WcdoZSg);Server1 (ID: _g7HJEC6MEd-Jla2o7wkBzQ);Server1 (ID: _g7HJEC6MEd-Jla2o7wkBzQ);1;0.0;0.0;0.741974;8.92897E-4;0.945334;0.0;0.870194;0.493031;0.03135;3511;
Infinity;8.106880743311208;613.8004817517425;5.160801399418288;519.6302557400387;5.061003726822361;1142.9369569283863;8.814367549029102;1798904.3842452974;Server3 (ID: _vxqJwS6QEd-pNfzbJsur0g);Server1 (ID: _g7HJEC6MEd-Jla2o7wkBzQ);Server3 (ID: _vxqJwS6QEd-pNfzbJsur0g);Server2 (ID: _h3wXgC6MEd-Jla2o7wkBzQ);Server2 (ID: _h3wXgC6MEd-Jla2o7wkBzQ);1;3524;
Infinity;3.4733205856605798;922.1436884668915;5.662255579032254;893.4379524344054;2.140483095745936;588.0799623492309;3.5072332822974834;928510.0546961664;DBServer (ID: _7jiyMV5LEeavvL8WcdoZSg);Server3 (ID: _vxqJwS6QEd-pNfzbJsur0g);Server2 (ID: _h3wXgC6MEd-Jla2o7wkBzQ);Server1 (ID: _g7HJEC6MEd-Jla2o7wkBzQ);DBServer (ID: _7jiyMV5LEeavvL8WcdoZSg);1;3530;
Infinity;7.826773718920794;1483.6546522741075;2.09247556502217;1307.760665658956;2.710047146217601;813.700060709639;7.049225583563569;1423360.467927921;Server3 (ID: _vxqJwS6QEd-pNfzbJsur0g);Server3 (ID: _vxqJwS6QEd-pNfzbJsur0g);DBServer (ID: _7jiyMV5LEeavvL8WcdoZSg);Server3 (ID: _vxqJwS6QEd-pNfzbJsur0g);Server2 (ID: _h3wXgC6MEd-Jla2o7wkBzQ);1;3541;
Infinity;6.447674238738775;1971.0716968306679;3.556316991489806;1521.4266027013023;1.693833894450825;1252.2529621116676;4.807872123657651;1609769.588067321;Server2 (ID: _h3wXgC6MEd-Jla2o7wkBzQ);Server3 (ID: _vxqJwS6QEd-pNfzbJsur0g);Server1 (ID: _g7HJEC6MEd-Jla2o7wkBzQ);Server3 (ID: _vxqJwS6QEd-pNfzbJsur0g);Server3 (ID: _vxqJwS6QEd-pNfzbJsur0g);1;3544;
19.66222;7.98908559301305;1783.1229071779544;4.26761384471845;1151.7973077670508;4.527967103433981;752.0803429734777;8.722665344369513;1700636.5483111811;Server1 (ID: _g7HJEC6MEd-Jla2o7wkBzQ);Server2 (ID: _h3wXgC6MEd-Jla2o7wkBzQ);Server3 (ID: _vxqJwS6QEd-pNfzbJsur0g);DBServer (ID: _7jiyMV5LEeavvL8WcdoZSg);Server1 (ID: _g7HJEC6MEd-Jla2o7wkBzQ);1;0.510133;9.40148E-4;0.46396;0.0;0.380436;0.0;0.581485;0.302716;0.04323;3626;
19.66222;6.834837295033388;795.2890399772369;1.981434593479857;718.7923798429106;1.8028436175858908;1405.7474195095056;3.157348577440648;1400419.0179385648;Server3 (ID: _vxqJwS6QEd-pNfzbJsur0g);Server3 (ID: _vxqJwS6QEd-pNfzbJsur0g);Server1 (ID: _g7HJEC6MEd-Jla2o7wkBzQ);Server3 (ID: _vxqJwS6QEd-pNfzbJsur0g);Server3 (ID: _vxqJwS6QEd-pNfzbJsur0g);1;0.510133;9.40148E-4;0.46396;0.0;0.380436;0.0;0.581485;0.302716;0.04323;3647;
19.66222;4.824334101140007;958.9774871035045;2.3042407250633685;1936.1898847191462;2.8948523433323707;1084.162081694711;7.136577707056165;1996217.4455814285;DBServer (ID: _7jiyMV5LEeavvL8WcdoZSg);DBServer (ID: _7jiyMV5LEeavvL8WcdoZSg);DBServer (ID: _7jiyMV5LEeavvL8WcdoZSg);DBServer (ID: _7jiyMV5LEeavvL8WcdoZSg);DBServer (ID: _7jiyMV5LEeavvL8WcdoZSg);1;0.510133;9.40148E-4;0.46396;0.0;0.380436;0.0;0.581485;0.302716;0.04323;3660;
19.66222;3.936300960389661;520.39419602476;3.3591538053344676;1204.9357988211032;5.807993291627007;1830.3916227065902;6.040649347207496;1407892.5266754958;Server2 (ID: _h3wXgC6MEd-Jla2o7wkBzQ);Server1 (ID: _g7HJEC6MEd-Jla2o7wkBzQ);Server1 (ID: _g7HJEC6MEd-Jla2o7wkBzQ);Server3 (ID: _vxqJwS6QEd-pNfzbJsur0g);DBServer (ID: _7jiyMV5LEeavvL8WcdoZSg);1;0.510133;9.40148E-4;0.46396;0.0;0.380436;0.0;0.581485;0.302716;0.04323;3665;
Infinity;6.70836415782829;1873.6082763203312;5.070310353000161;552.4529553878966;1.7848985882330666;1502.338123177751;8.426190233493623;1298908.3173202863;DBServer (ID: _7jiyMV5LEeavvL8WcdoZSg);DBServer (ID: _7jiyMV5LEeavvL8WcdoZSg);DBServer (ID: _7jiyMV5LEeavvL8WcdoZSg);Server1 (ID: _g7HJEC6MEd-Jla2o7wkBzQ);Server2 (ID: _h3wXgC6MEd-Jla2o7wkBzQ);1;3695;
34.9832;5.782898518829073;1540.0995366169036;4.788788306519772;656.4899319783718;3.338222450178314;937.4163986774396;8.305547157774617;1039970.7981101301;Server3 (ID: _vxqJwS6QEd-pNfzbJsur0g);Server1 (ID: _g7HJEC6MEd-Jla2o7wkBzQ);DBServer (ID: _7jiyMV5LEeavvL8WcdoZSg);DBServer (ID: _7jiyMV5LEeavvL8WcdoZSg);Server2 (ID: _h3wXgC6MEd-Jla2o7wkBzQ);1;0.342389;0.0;0.437585;0.00255358;0.59313;0.0;0.818092;0.495023;0.04488;3701;
34.9832;7.335506172338403;739.8263077512107;2.5739183945929343;1473.1479079055216;4.319272244968102;1834.3250384982628;4.453873780367131;532597.9287043879;DBServer (ID: _7jiyMV5LEeavvL8WcdoZSg);Server1 (ID: _g7HJEC6MEd-Jla2o7wkBzQ);Server1 (ID: _g7HJEC6MEd-Jla2o7wkBzQ);Server3 (ID: _vxqJwS6QEd-pNfzbJsur0g);DBServer (ID: _7jiyMV5LEeavvL8WcdoZSg);1;0.342389;0.0;0.437585;0.00255358;0.59313;0.0;0.818092;0.495023;0.04488;3702;
34.9832;6.621188578818975;1417.764334448805;2.6515865880318334;1130.8586382957994;4.686595619379911;1188.6575745037053;2.890951930754867;1140897.308718302;DBServer (ID: _7jiyMV5LEeavvL8WcdoZSg);Server1 (ID: _g7HJEC6MEd-Jla2o7wkBzQ);DBServer (ID: _7jiyMV5LEeavvL8WcdoZSg);Server1 (ID: _g7HJEC6MEd-Jla2o7wkBzQ);DBServer (ID: _7jiyMV5LEeavvL8WcdoZSg);1;0.342389;0.0;0.437585;0.00255358;0.59313;0.0;0.818092;0.495023;0.04488;3703;
34.9832;3.4390661840904215;1903.2308317383813;1.9335836335208745;1187.9569090543032;4.838358737523262;829.3071196280057;5.093278122598248;1009608.6650411417;Server2 (ID: _h3wXgC6MEd-Jla2o7wkBzQ);Server2 (ID: _h3wXgC6MEd-Jla2o7wkBzQ);Server3 (ID: _vxqJwS6QEd-pNfzbJsur0g);Server3 (ID: _vxqJwS6QEd-pNfzbJsur0g);Server1 (ID: _g7HJEC6MEd-Jla2o7wkBzQ);1;0.342389;0.0;0.437585;0.00255358;0.59313;0.0;0.818092;0.495023;0.04488;3704;
34.9832;5.343660422635191;1957.5656062251483;2.792715860584465;1184.9181078156075;4.861880723823566;972.2188067611823;8.677877023941814;1751679.9311257137;DBServer (ID: _7jiyMV5LEeavvL8WcdoZSg);Server2 (ID: _h3wXgC6MEd-Jla2o7wkBzQ);Server3 (ID: _vxqJwS6QEd-pNfzbJsur0g);Server1 (ID: _g7HJEC6MEd-Jla2o7wkBzQ);Server1 (ID: _g7HJEC6MEd-Jla2o7wkBzQ);1;0.342389;0.0;0.437585;0.00255358;0.59313;0.0;0.818092;0.495023;0.04488;3705;
34.9832;6.236547805425797;1898.3325583837477;2.7374965570121876;1382.136152186752;2.31465725138025;1036.9999483120723;4.055568439729782;500887.00913089263;Server3 (ID: _vxqJwS6QEd-pNfzbJsur0g);Server2 (ID: _h3wXgC6MEd-Jla2o7wkBzQ);Server2 (ID: _h3wXgC6MEd-Jla2o7wkBzQ);Server3 (ID: _vxqJwS6QEd-pNfzbJsur0g);DBServer (ID: _7jiyMV5LEeavvL8WcdoZSg);1;0.342389;0.0;0.437585;0.00255358;0.59313;0.0;0.818092;0.495023;0.04488;3706;
34.9832;7.670059404224727;1148.8161150019992;1.8185739863726862;737.984427153357;2.0943590526197493;1009.2572395760184;6.211268386783702;1447565.8665118897;Server3 (ID: _vxqJwS6QEd-pNfzbJsur0g);Server3 (ID: _vxqJwS6QEd-pNfzbJsur0g);Server2 (ID: _h3wXgC6MEd-Jla2o7wkBzQ);Server1 (ID: _g7HJEC6MEd-Jla2o7wkBzQ);Server3 (ID: _vxqJwS6QEd-pNfzbJsur0g);1;0.342389;0.0;0.437585;0.00255358;0.59313;0.0;0.818092;0.495023;0.04488;3707;
34.9832;3.2299537649658;1839.435597200139;3.4923356610864382;920.3268070762655;4.17453548892369;962.1786232243974;9.968619936779975;1677955.8709879762;Server1 (ID: _g7HJEC6MEd-Jla2o7wkBzQ);DBServer (ID: _7jiyMV5LEeavvL8WcdoZSg);Server2 (ID: _h3wXgC6MEd-Jla2o7wkBzQ);Server1 (ID: _g7HJEC6MEd-Jla2o7wkBzQ);Server3 (ID: _vxqJwS6QEd-pNfzbJsur0g);1;0.342389;0.0;0.437585;0.00255358;0.59313;0.0;0.818092;0.495023;0.04488;3708;
34.9832;3.5265499272268954;1821.0176005798598;5.651719692636339;1282.8930321016874;3.632653050849947;1926.67655530628;3.13488536676401;557617.02532254;Server3 (ID: _vxqJwS6QEd-pNfzbJsur0g);Server1 (ID: _g7HJEC6MEd-Jla2o7wkBzQ);DBServer (ID: _7jiyMV5LEeavvL8WcdoZSg);Server3 (ID: _vxqJwS6QEd-pNfzbJsur0g);DBServer (ID: _7jiyMV5LEeavvL8WcdoZSg);1;0.342389;0.0;0.437585;0.00255358;0.59313;0.0;0.818092;0.495023;0.04488;3709;
34.9832;2.8103715677039167;1729.8884654294084;5.041332713813059;555.2633316117344;2.936216853960097;1501.7487463411821;3.478059385223684;1964528.3352774445;Server1 (ID: _g7HJEC6MEd-Jla2o7wkBzQ);Server2 (ID: _h3wXgC6MEd-Jla2o7wkBzQ);Server3 (ID: _vxqJwS6QEd-pNfzbJsur0g);Server3 (ID: _vxqJwS6QEd-pNfzbJsur0g);DBServer (ID: _7jiyMV5LEeavvL8WcdoZSg);1;0.342389;0.0;0.437585;0.00255358;0.59313;0.0;0.818092;0.495023;0.04488;3710;
34.9832;8.429091526009998;836.6722048957017;2.0557574482624377;722.7514640988737;5.281640475478653;1610.8167721348127;3.197541483656404;1357073.2330687789;Server3 (ID: _vxqJwS6QEd-pNfzbJsur0g);DBServer (ID: _7jiyMV5LEeavvL8WcdoZSg);Server2 (ID: _h3wXgC6MEd-Jla2o7wkBzQ);Server3 (ID: _vxqJwS6QEd-pNfzbJsur0g);DBServer (ID: _7jiyMV5LEeavvL8WcdoZSg);1;0.342389;0.0;0.437585;0.00255358;0.59313;0.0;0.818092;0.495023;0.04488;3711;
25.7499;7.98908559301305;1783.1229071779544;4.26761384471845;1151.7973077670508;4.527967103433981;752.0803429734777;8.722665344369513;1700636.5483111811;Server1 (ID: _g7HJEC6MEd-Jla2o7wkBzQ);Server3 (ID: _vxqJwS6QEd-pNfzbJsur0g);Server3 (ID: _vxqJwS6QEd-pNfzbJsur0g);DBServer (ID: _7jiyMV5LEeavvL8WcdoZSg);Server1 (ID: _g7HJEC6MEd-Jla2o7wkBzQ);1;0.510133;9.40148E-4;0.0;0.0;0.817718;0.0;0.581485;0.302716;0.03135;3772;
25.7499;8.624823277664678;1017.6162416851378;4.61652217494192;1436.9955347888304;2.6750026854372564;777.137844977856;7.722326571211335;885659.0942786545;Server2 (ID: _h3wXgC6MEd-Jla2o7wkBzQ);DBServer (ID: _7jiyMV5LEeavvL8WcdoZSg);Server2 (ID: _h3wXgC6MEd-Jla2o7wkBzQ);Server3 (ID: _vxqJwS6QEd-pNfzbJsur0g);Server3 (ID: _vxqJwS6QEd-pNfzbJsur0g);1;0.510133;9.40148E-4;0.0;0.0;0.817718;0.0;0.581485;0.302716;0.03135;3773;
25.7499;6.110522124048883;1679.5403399333832;5.102459337479909;890.7252866028186;4.906887218263573;1072.6507093690998;5.410478387861827;1239617.0156112174;Server3 (ID: _vxqJwS6QEd-pNfzbJsur0g);Server2 (ID: _h3wXgC6MEd-Jla2o7wkBzQ);DBServer (ID: _7jiyMV5LEeavvL8WcdoZSg);Server3 (ID: _vxqJwS6QEd-pNfzbJsur0g);DBServer (ID: _7jiyMV5LEeavvL8WcdoZSg);1;0.510133;9.40148E-4;0.0;0.0;0.817718;0.0;0.581485;0.302716;0.03135;3789;
57.6238;7.907360904809542;845.383622746593;5.492777007327196;1877.4846984457845;3.9167118133207266;567.2181508012754;5.82869991851743;1044173.2439975329;Server2 (ID: _h3wXgC6MEd-Jla2o7wkBzQ);Server1 (ID: _g7HJEC6MEd-Jla2o7wkBzQ);Server3 (ID: _vxqJwS6QEd-pNfzbJsur0g);DBServer (ID: _7jiyMV5LEeavvL8WcdoZSg);Server2 (ID: _h3wXgC6MEd-Jla2o7wkBzQ);1;0.2504;0.0;0.741974;8.92897E-4;0.439808;0.0;0.870194;0.493031;0.04323;3798;
57.6238;8.624823277664678;1017.6162416851378;4.61652217494192;1436.9955347888304;2.6750026854372564;777.137844977856;7.722326571211335;885659.0942786545;Server2 (ID: _h3wXgC6MEd-Jla2o7wkBzQ);Server1 (ID: _g7HJEC6MEd-Jla2o7wkBzQ);DBServer (ID: _7jiyMV5LEeavvL8WcdoZSg);Server3 (ID: _vxqJwS6QEd-pNfzbJsur0g);Server3 (ID: _vxqJwS6QEd-pNfzbJsur0g);1;0.2504;0.0;0.741974;8.92897E-4;0.439808;0.0;0.870194;0.493031;0.04323;3805;
57.6238;6.834837295033388;795.2890399772369;1.981434593479857;718.7923798429106;1.8028436175858908;1561.9415772327839;3.157348577440648;1400419.0179385648;Server1 (ID: _g7HJEC6MEd-Jla2o7wkBzQ);Server1 (ID: _g7HJEC6MEd-Jla2o7wkBzQ);Server1 (ID: _g7HJEC6MEd-Jla2o7wkBzQ);Server1 (ID: _g7HJEC6MEd-Jla2o7wkBzQ);Server1 (ID: _g7HJEC6MEd-Jla2o7wkBzQ);1;0.2504;0.0;0.741974;8.92897E-4;0.439808;0.0;0.870194;0.493031;0.04323;3812;
19.66222;6.196351934127581;1739.3643522895245;3.2734419418595726;517.4457936850864;1.537461612331972;1957.3859247208468;6.029609268893605;886946.5255781286;Server1 (ID: _g7HJEC6MEd-Jla2o7wkBzQ);Server1 (ID: _g7HJEC6MEd-Jla2o7wkBzQ);DBServer (ID: _7jiyMV5LEeavvL8WcdoZSg);DBServer (ID: _7jiyMV5LEeavvL8WcdoZSg);DBServer (ID: _7jiyMV5LEeavvL8WcdoZSg);1;0.510133;9.40148E-4;0.46396;0.0;0.380436;0.0;0.581485;0.302716;0.04323;3839;
19.66222;7.1861994186102836;580.6445770179186;3.518222632691572;1991.1281741736632;1.784390867356781;1097.3725205577828;6.382706270676658;920845.2177916379;DBServer (ID: _7jiyMV5LEeavvL8WcdoZSg);Server3 (ID: _vxqJwS6QEd-pNfzbJsur0g);Server2 (ID: _h3wXgC6MEd-Jla2o7wkBzQ);Server1 (ID: _g7HJEC6MEd-Jla2o7wkBzQ);Server1 (ID: _g7HJEC6MEd-Jla2o7wkBzQ);1;0.510133;9.40148E-4;0.46396;0.0;0.380436;0.0;0.581485;0.302716;0.04323;3840;
19.66222;5.523623937310612;1600.3625765852087;5.436742249226089;790.2816810572609;2.3427305817784365;1672.2923537033769;4.10392788973726;1176851.2873802115;Server3 (ID: _vxqJwS6QEd-pNfzbJsur0g);Server1 (ID: _g7HJEC6MEd-Jla2o7wkBzQ);Server1 (ID: _g7HJEC6MEd-Jla2o7wkBzQ);Server2 (ID: _h3wXgC6MEd-Jla2o7wkBzQ);Server3 (ID: _vxqJwS6QEd-pNfzbJsur0g);1;0.510133;9.40148E-4;0.46396;0.0;0.380436;0.0;0.581485;0.302716;0.04323;3841;
19.66222;3.0204883632982176;769.4993787640499;3.783226016918332;1119.234198838651;3.4255619040307264;1664.4008420483087;7.661802087943912;1533016.338642642;Server1 (ID: _g7HJEC6MEd-Jla2o7wkBzQ);Server3 (ID: _vxqJwS6QEd-pNfzbJsur0g);Server2 (ID: _h3wXgC6MEd-Jla2o7wkBzQ);Server1 (ID: _g7HJEC6MEd-Jla2o7wkBzQ);Server2 (ID: _h3wXgC6MEd-Jla2o7wkBzQ);1;0.510133;9.40148E-4;0.46396;0.0;0.380436;0.0;0.581485;0.302716;0.04323;3842;
Infinity;6.505616082397438;1044.7701833648084;3.2330882881276586;1430.395910594602;5.265186441512494;1596.3123294579755;3.1349754887215715;1764106.2900500242;DBServer (ID: _7jiyMV5LEeavvL8WcdoZSg);Server3 (ID: _vxqJwS6QEd-pNfzbJsur0g);Server3 (ID: _vxqJwS6QEd-pNfzbJsur0g);Server3 (ID: _vxqJwS6QEd-pNfzbJsur0g);Server1 (ID: _g7HJEC6MEd-Jla2o7wkBzQ);1;3854;
Infinity;3.884827787906808;1206.5136743716255;2.1952582244917185;1425.9260876802045;5.614783690981492;711.6889323681315;4.087848491009608;1425695.80944198;Server2 (ID: _h3wXgC6MEd-Jla2o7wkBzQ);DBServer (ID: _7jiyMV5LEeavvL8WcdoZSg);Server2 (ID: _h3wXgC6MEd-Jla2o7wkBzQ);Server1 (ID: _g7HJEC6MEd-Jla2o7wkBzQ);Server3 (ID: _vxqJwS6QEd-pNfzbJsur0g);1;3859;
61.46639999999999;5.426758552011341;648.0682882346691;4.15447573319998;876.6246842511832;2.3199970018429825;1412.0217768801854;8.104967435612036;1093503.4056494657;Server1 (ID: _g7HJEC6MEd-Jla2o7wkBzQ);Server3 (ID: _vxqJwS6QEd-pNfzbJsur0g);DBServer (ID: _7jiyMV5LEeavvL8WcdoZSg);DBServer (ID: _7jiyMV5LEeavvL8WcdoZSg);Server1 (ID: _g7HJEC6MEd-Jla2o7wkBzQ);1;0.751001;0.00258676;0.0;0.0;0.853449;0.0;0.838338;0.470789;0.04323;3871;
61.46639999999999;7.491883671436089;1621.23328670303;4.486457220875067;1964.8190948273589;4.968508136803811;1271.1905838096727;4.964416878739867;1650731.9115254404;Server3 (ID: _vxqJwS6QEd-pNfzbJsur0g);Server3 (ID: _vxqJwS6QEd-pNfzbJsur0g);Server1 (ID: _g7HJEC6MEd-Jla2o7wkBzQ);Server2 (ID: _h3wXgC6MEd-Jla2o7wkBzQ);Server2 (ID: _h3wXgC6MEd-Jla2o7wkBzQ);1;0.751001;0.00258676;0.0;0.0;0.853449;0.0;0.838338;0.470789;0.04323;3872;
61.46639999999999;3.78483443852286;565.3567742450489;2.476794003597829;507.6736768264564;1.8746551463134933;1232.2921766980144;4.186002486226923;1979489.7558963695;DBServer (ID: _7jiyMV5LEeavvL8WcdoZSg);Server3 (ID: _vxqJwS6QEd-pNfzbJsur0g);Server1 (ID: _g7HJEC6MEd-Jla2o7wkBzQ);Server2 (ID: _h3wXgC6MEd-Jla2o7wkBzQ);Server1 (ID: _g7HJEC6MEd-Jla2o7wkBzQ);1;0.751001;0.00258676;0.0;0.0;0.853449;0.0;0.838338;0.470789;0.04323;3873;
Infinity;3.78483443852286;565.3567742450489;2.476794003597829;507.6736768264564;1.8746551463134933;1232.2921766980144;4.186002486226923;1979489.7558963695;DBServer (ID: _7jiyMV5LEeavvL8WcdoZSg);Server3 (ID: _vxqJwS6QEd-pNfzbJsur0g);Server1 (ID: _g7HJEC6MEd-Jla2o7wkBzQ);Server1 (ID: _g7HJEC6MEd-Jla2o7wkBzQ);Server1 (ID: _g7HJEC6MEd-Jla2o7wkBzQ);1;3929;
Infinity;7.491883671436089;1621.23328670303;4.486457220875067;1964.8190948273589;4.968508136803811;1271.1905838096727;4.964416878739867;1650731.9115254404;Server3 (ID: _vxqJwS6QEd-pNfzbJsur0g);Server3 (ID: _vxqJwS6QEd-pNfzbJsur0g);Server1 (ID: _g7HJEC6MEd-Jla2o7wkBzQ);Server1 (ID: _g7HJEC6MEd-Jla2o7wkBzQ);Server1 (ID: _g7HJEC6MEd-Jla2o7wkBzQ);1;3988;
57.6238;8.2561522973621;1166.779837275183;4.443783416152559;1504.7354108581644;3.5610931811697184;854.9258326337667;4.866158811349184;1527566.5108098146;Server2 (ID: _h3wXgC6MEd-Jla2o7wkBzQ);Server3 (ID: _vxqJwS6QEd-pNfzbJsur0g);Server3 (ID: _vxqJwS6QEd-pNfzbJsur0g);Server2 (ID: _h3wXgC6MEd-Jla2o7wkBzQ);DBServer (ID: _7jiyMV5LEeavvL8WcdoZSg);1;0.2504;0.0;0.741974;8.92897E-4;0.439808;0.0;0.870194;0.493031;0.04323;4073;
57.6238;4.7942937505075;921.6226983758414;4.59784086796375;1322.445844770381;2.7446825432464443;1720.0002910701774;3.070067665627957;1361717.2152666699;Server2 (ID: _h3wXgC6MEd-Jla2o7wkBzQ);Server2 (ID: _h3wXgC6MEd-Jla2o7wkBzQ);Server1 (ID: _g7HJEC6MEd-Jla2o7wkBzQ);Server2 (ID: _h3wXgC6MEd-Jla2o7wkBzQ);Server1 (ID: _g7HJEC6MEd-Jla2o7wkBzQ);1;0.2504;0.0;0.741974;8.92897E-4;0.439808;0.0;0.870194;0.493031;0.04323;4074;
57.6238;3.2789398247699606;595.309767658646;2.6543685821856515;757.9802992625652;2.5497022186987532;1744.490220582352;9.255596463794427;1648034.9961580595;Server2 (ID: _h3wXgC6MEd-Jla2o7wkBzQ);Server3 (ID: _vxqJwS6QEd-pNfzbJsur0g);Server3 (ID: _vxqJwS6QEd-pNfzbJsur0g);Server1 (ID: _g7HJEC6MEd-Jla2o7wkBzQ);Server3 (ID: _vxqJwS6QEd-pNfzbJsur0g);1;0.2504;0.0;0.741974;8.92897E-4;0.439808;0.0;0.870194;0.493031;0.04323;4075;
57.6238;4.801371593818557;1371.3450603673923;3.6259549623843292;1786.384209833188;2.6574572666652587;1759.5866468797717;9.40633491815392;1831527.8873485902;Server1 (ID: _g7HJEC6MEd-Jla2o7wkBzQ);Server1 (ID: _g7HJEC6MEd-Jla2o7wkBzQ);Server3 (ID: _vxqJwS6QEd-pNfzbJsur0g);Server3 (ID: _vxqJwS6QEd-pNfzbJsur0g);DBServer (ID: _7jiyMV5LEeavvL8WcdoZSg);1;0.2504;0.0;0.741974;8.92897E-4;0.439808;0.0;0.870194;0.493031;0.04323;4076;
Infinity;4.7942937505075;921.6226983758414;4.59784086796375;1322.445844770381;2.7446825432464443;1720.0002910701774;3.070067665627957;1361717.2152666699;Server2 (ID: _h3wXgC6MEd-Jla2o7wkBzQ);Server2 (ID: _h3wXgC6MEd-Jla2o7wkBzQ);Server2 (ID: _h3wXgC6MEd-Jla2o7wkBzQ);Server2 (ID: _h3wXgC6MEd-Jla2o7wkBzQ);Server2 (ID: _h3wXgC6MEd-Jla2o7wkBzQ);1;4166;
23.24692;7.98908559301305;1783.1229071779544;4.26761384471845;1036.6175769903457;4.527967103433981;752.0803429734777;8.722665344369513;1700636.5483111811;Server3 (ID: _vxqJwS6QEd-pNfzbJsur0g);Server2 (ID: _h3wXgC6MEd-Jla2o7wkBzQ);Server3 (ID: _vxqJwS6QEd-pNfzbJsur0g);DBServer (ID: _7jiyMV5LEeavvL8WcdoZSg);Server1 (ID: _g7HJEC6MEd-Jla2o7wkBzQ);1;0.262295;9.40148E-4;0.46396;0.0;0.817718;0.0;0.581485;0.302716;0.04191;4394;
34.5518;5.428037123087695;1209.2965986865856;5.609768366579407;649.6985868635753;5.087652696790262;529.9786639810279;9.744318792836339;662371.3817660598;Server2 (ID: _h3wXgC6MEd-Jla2o7wkBzQ);Server2 (ID: _h3wXgC6MEd-Jla2o7wkBzQ);Server3 (ID: _vxqJwS6QEd-pNfzbJsur0g);DBServer (ID: _7jiyMV5LEeavvL8WcdoZSg);Server1 (ID: _g7HJEC6MEd-Jla2o7wkBzQ);1;0.386051;0.00138626;0.705911;0.0;0.338584;0.0;0.520519;0.777222;0.033;4415;
34.5518;6.110522124048883;1679.5403399333832;5.102459337479909;890.7252866028186;4.906887218263573;1072.6507093690998;5.410478387861827;1239617.0156112174;Server2 (ID: _h3wXgC6MEd-Jla2o7wkBzQ);Server2 (ID: _h3wXgC6MEd-Jla2o7wkBzQ);DBServer (ID: _7jiyMV5LEeavvL8WcdoZSg);Server3 (ID: _vxqJwS6QEd-pNfzbJsur0g);DBServer (ID: _7jiyMV5LEeavvL8WcdoZSg);1;0.386051;0.00138626;0.705911;0.0;0.338584;0.0;0.520519;0.777222;0.033;4450;
Infinity;4.296406703698461;1908.4755404617802;5.556038552867168;1818.3897004723206;4.827506623678479;790.651337999441;6.108987760130082;1628746.6936805376;Server2 (ID: _h3wXgC6MEd-Jla2o7wkBzQ);Server1 (ID: _g7HJEC6MEd-Jla2o7wkBzQ);DBServer (ID: _7jiyMV5LEeavvL8WcdoZSg);Server3 (ID: _vxqJwS6QEd-pNfzbJsur0g);Server2 (ID: _h3wXgC6MEd-Jla2o7wkBzQ);1;4465;
Infinity;6.000906866757032;1689.54680019147;2.5550439103092537;1500.4429375184413;3.074074968958887;1620.541427472465;7.507993212186444;1194778.2741157128;Server3 (ID: _vxqJwS6QEd-pNfzbJsur0g);DBServer (ID: _7jiyMV5LEeavvL8WcdoZSg);Server2 (ID: _h3wXgC6MEd-Jla2o7wkBzQ);DBServer (ID: _7jiyMV5LEeavvL8WcdoZSg);Server2 (ID: _h3wXgC6MEd-Jla2o7wkBzQ);1;4469;
88.3897;7.237540214560091;1241.3335146165123;5.36990112181933;1699.9838897817929;3.6020608537289482;1652.7840798851757;7.863683955763431;1311046.028728618;Server2 (ID: _h3wXgC6MEd-Jla2o7wkBzQ);Server3 (ID: _vxqJwS6QEd-pNfzbJsur0g);Server2 (ID: _h3wXgC6MEd-Jla2o7wkBzQ);DBServer (ID: _7jiyMV5LEeavvL8WcdoZSg);DBServer (ID: _7jiyMV5LEeavvL8WcdoZSg);1;0.0;0.0;0.68951;0.0;0.549685;0.0;0.911481;0.392672;0.04026;4471;
88.3897;8.710326858313138;591.8451929084864;5.924512963298294;1144.0690050913754;5.914703401022476;654.2600316833782;2.6771630029745044;1470507.0661329469;Server3 (ID: _vxqJwS6QEd-pNfzbJsur0g);Server3 (ID: _vxqJwS6QEd-pNfzbJsur0g);DBServer (ID: _7jiyMV5LEeavvL8WcdoZSg);Server1 (ID: _g7HJEC6MEd-Jla2o7wkBzQ);Server2 (ID: _h3wXgC6MEd-Jla2o7wkBzQ);1;0.0;0.0;0.68951;0.0;0.549685;0.0;0.911481;0.392672;0.04026;4472;
88.3897;4.935534366889785;1948.607331598963;5.7919608556986955;1022.5727680711224;2.0745722319588724;1308.5633111542356;4.859982710774753;1384581.9792953976;Server3 (ID: _vxqJwS6QEd-pNfzbJsur0g);Server3 (ID: _vxqJwS6QEd-pNfzbJsur0g);Server2 (ID: _h3wXgC6MEd-Jla2o7wkBzQ);Server1 (ID: _g7HJEC6MEd-Jla2o7wkBzQ);Server1 (ID: _g7HJEC6MEd-Jla2o7wkBzQ);1;0.0;0.0;0.68951;0.0;0.549685;0.0;0.911481;0.392672;0.04026;4473;
Infinity;3.6121690094110166;1525.5641043546243;2.5590326670758072;1770.2884872392665;2.7664910595248275;1180.6107046477855;5.7888571240970705;1374652.1760281096;Server3 (ID: _vxqJwS6QEd-pNfzbJsur0g);Server3 (ID: _vxqJwS6QEd-pNfzbJsur0g);Server2 (ID: _h3wXgC6MEd-Jla2o7wkBzQ);DBServer (ID: _7jiyMV5LEeavvL8WcdoZSg);DBServer (ID: _7jiyMV5LEeavvL8WcdoZSg);1;4486;
72.4126;5.1991896311613255;1480.6664966097987;3.1244538953254173;1693.889759821535;1.8898186620258448;1490.765206982849;7.656437491490758;946945.4988247824;Server1 (ID: _g7HJEC6MEd-Jla2o7wkBzQ);Server2 (ID: _h3wXgC6MEd-Jla2o7wkBzQ);Server3 (ID: _vxqJwS6QEd-pNfzbJsur0g);DBServer (ID: _7jiyMV5LEeavvL8WcdoZSg);Server1 (ID: _g7HJEC6MEd-Jla2o7wkBzQ);1;0.783872;0.00113219;0.633711;0.0;0.911516;0.0;0.662462;0.543653;0.04323;4496;
72.4126;7.98908559301305;1783.1229071779544;4.26761384471845;1151.7973077670508;4.527967103433981;752.0803429734777;8.722665344369513;1700636.5483111811;Server3 (ID: _vxqJwS6QEd-pNfzbJsur0g);Server2 (ID: _h3wXgC6MEd-Jla2o7wkBzQ);Server1 (ID: _g7HJEC6MEd-Jla2o7wkBzQ);DBServer (ID: _7jiyMV5LEeavvL8WcdoZSg);Server1 (ID: _g7HJEC6MEd-Jla2o7wkBzQ);1;0.783872;0.00113219;0.633711;0.0;0.911516;0.0;0.662462;0.543653;0.04323;4531;
72.4126;7.98908559301305;1783.1229071779544;4.26761384471845;1036.6175769903457;4.527967103433981;752.0803429734777;8.722665344369513;1700636.5483111811;Server3 (ID: _vxqJwS6QEd-pNfzbJsur0g);Server2 (ID: _h3wXgC6MEd-Jla2o7wkBzQ);Server1 (ID: _g7HJEC6MEd-Jla2o7wkBzQ);DBServer (ID: _7jiyMV5LEeavvL8WcdoZSg);Server1 (ID: _g7HJEC6MEd-Jla2o7wkBzQ);1;0.783872;0.00113219;0.633711;0.0;0.911516;0.0;0.662462;0.543653;0.04323;4551;
72.4126;8.710326858313138;591.8451929084864;5.924512963298294;1144.0690050913754;5.914703401022476;654.2600316833782;2.6771630029745044;1470507.0661329469;Server3 (ID: _vxqJwS6QEd-pNfzbJsur0g);Server3 (ID: _vxqJwS6QEd-pNfzbJsur0g);DBServer (ID: _7jiyMV5LEeavvL8WcdoZSg);Server3 (ID: _vxqJwS6QEd-pNfzbJsur0g);Server2 (ID: _h3wXgC6MEd-Jla2o7wkBzQ);1;0.783872;0.00113219;0.633711;0.0;0.911516;0.0;0.662462;0.543653;0.04323;4608;
Infinity;7.98908559301305;1783.1229071779544;4.26761384471845;1036.6175769903457;4.527967103433981;752.0803429734777;8.722665344369513;1700636.5483111811;Server3 (ID: _vxqJwS6QEd-pNfzbJsur0g);Server3 (ID: _vxqJwS6QEd-pNfzbJsur0g);Server3 (ID: _vxqJwS6QEd-pNfzbJsur0g);DBServer (ID: _7jiyMV5LEeavvL8WcdoZSg);Server1 (ID: _g7HJEC6MEd-Jla2o7wkBzQ);1;4632;
34.5518;2.4801943683167234;562.6557664660766;1.6988787886781347;1840.1892143850769;4.886211657013568;1655.8384115422048;6.12023951416601;986297.5477448404;Server1 (ID: _g7HJEC6MEd-Jla2o7wkBzQ);Server3 (ID: _vxqJwS6QEd-pNfzbJsur0g);Server3 (ID: _vxqJwS6QEd-pNfzbJsur0g);Server3 (ID: _vxqJwS6QEd-pNfzbJsur0g);Server1 (ID: _g7HJEC6MEd-Jla2o7wkBzQ);1;0.386051;0.00138626;0.705911;0.0;0.338584;0.0;0.520519;0.777222;0.033;4669;
34.5518;4.227122608988704;690.1719264072226;3.21149734061602;1318.392393653708;2.0304075852068113;1474.733482035655;2.7673337102216826;1738822.7417029515;Server1 (ID: _g7HJEC6MEd-Jla2o7wkBzQ);Server3 (ID: _vxqJwS6QEd-pNfzbJsur0g);DBServer (ID: _7jiyMV5LEeavvL8WcdoZSg);DBServer (ID: _7jiyMV5LEeavvL8WcdoZSg);Server2 (ID: _h3wXgC6MEd-Jla2o7wkBzQ);1;0.386051;0.00138626;0.705911;0.0;0.338584;0.0;0.520519;0.777222;0.033;4670;
34.5518;8.13722855950223;902.1866630880938;5.186679769645415;1942.234656879941;5.339621322869151;1709.5655068131168;6.264656036062284;1307148.1737101835;DBServer (ID: _7jiyMV5LEeavvL8WcdoZSg);Server1 (ID: _g7HJEC6MEd-Jla2o7wkBzQ);Server1 (ID: _g7HJEC6MEd-Jla2o7wkBzQ);DBServer (ID: _7jiyMV5LEeavvL8WcdoZSg);DBServer (ID: _7jiyMV5LEeavvL8WcdoZSg);1;0.386051;0.00138626;0.705911;0.0;0.338584;0.0;0.520519;0.777222;0.033;4671;
34.5518;5.099996138534845;1531.4168548805753;4.55477413678396;535.935709922441;5.09744023082682;847.7879151258411;5.253859845440684;822251.0144284172;Server3 (ID: _vxqJwS6QEd-pNfzbJsur0g);Server1 (ID: _g7HJEC6MEd-Jla2o7wkBzQ);Server1 (ID: _g7HJEC6MEd-Jla2o7wkBzQ);Server3 (ID: _vxqJwS6QEd-pNfzbJsur0g);Server1 (ID: _g7HJEC6MEd-Jla2o7wkBzQ);1;0.386051;0.00138626;0.705911;0.0;0.338584;0.0;0.520519;0.777222;0.033;4672;
34.5518;5.75335574778515;1443.4503457590026;5.29716186005558;1952.7418601447034;2.9543289730800977;904.4017006389586;2.8540982848681953;711508.875540669;Server2 (ID: _h3wXgC6MEd-Jla2o7wkBzQ);Server2 (ID: _h3wXgC6MEd-Jla2o7wkBzQ);DBServer (ID: _7jiyMV5LEeavvL8WcdoZSg);DBServer (ID: _7jiyMV5LEeavvL8WcdoZSg);Server1 (ID: _g7HJEC6MEd-Jla2o7wkBzQ);1;0.386051;0.00138626;0.705911;0.0;0.338584;0.0;0.520519;0.777222;0.033;4673;
34.5518;7.808418273771423;1296.7217878970605;3.9036745129775694;1681.2001634074688;2.0599142543622695;820.1333485544026;5.1922274643703705;1302741.9142150895;Server1 (ID: _g7HJEC6MEd-Jla2o7wkBzQ);Server3 (ID: _vxqJwS6QEd-pNfzbJsur0g);Server1 (ID: _g7HJEC6MEd-Jla2o7wkBzQ);Server3 (ID: _vxqJwS6QEd-pNfzbJsur0g);DBServer (ID: _7jiyMV5LEeavvL8WcdoZSg);1;0.386051;0.00138626;0.705911;0.0;0.338584;0.0;0.520519;0.777222;0.033;4674;
34.5518;7.364596840772832;1026.712716631661;5.944019027285116;1628.2608154530503;4.000852236531724;1289.653574951999;5.43059283321103;1493892.4338174518;Server3 (ID: _vxqJwS6QEd-pNfzbJsur0g);Server2 (ID: _h3wXgC6MEd-Jla2o7wkBzQ);Server1 (ID: _g7HJEC6MEd-Jla2o7wkBzQ);Server2 (ID: _h3wXgC6MEd-Jla2o7wkBzQ);DBServer (ID: _7jiyMV5LEeavvL8WcdoZSg);1;0.386051;0.00138626;0.705911;0.0;0.338584;0.0;0.520519;0.777222;0.033;4675;
34.5518;4.450621097124101;1250.167326790765;4.312156355908469;952.7626530388072;4.097753307520167;1711.192026636265;4.375755711774122;1784327.7713350253;Server3 (ID: _vxqJwS6QEd-pNfzbJsur0g);Server3 (ID: _vxqJwS6QEd-pNfzbJsur0g);Server2 (ID: _h3wXgC6MEd-Jla2o7wkBzQ);Server3 (ID: _vxqJwS6QEd-pNfzbJsur0g);Server1 (ID: _g7HJEC6MEd-Jla2o7wkBzQ);1;0.386051;0.00138626;0.705911;0.0;0.338584;0.0;0.520519;0.777222;0.033;4676;
